feature,importance
data entry,0.033346795
oil,0.025587143
home,0.01843431
experience required,0.01604478
income,0.015528729
solve,0.014300631
professional manner,0.012247615
within,0.011891272
hr,0.011266814
duty,0.011228484
per day,0.010355685
part time,0.010348311
operation,0.010265698
phone,0.009839427
grade,0.008531114
schedule,0.007719416
rep,0.0075967135
work life,0.007525303
computer science,0.0075122807
pay,0.0074659754
